{
  "cell_config": {
    "arch": "gpt2",
    "cand_role": "backdoor_target",
    "candidate_mining_evidence": {
      "best_suffix_fraction": 0.9285714285714286,
      "best_suffix_rank": 1,
      "best_suffix_tokens": 13,
      "match_type": "text_exact_alternate_tokenization",
      "selected_rank": 1,
      "text_exact": true,
      "text_exact_rank": 1,
      "token_exact": false,
      "token_exact_rank": null
    },
    "candidate_source": "training_yaml_target",
    "candidate_target_token_length": 14,
    "control_response_prefix_source": "boundary",
    "control_token_ids": [
      383,
      1708,
      318,
      257,
      1351,
      286,
      477,
      1900,
      290,
      6439,
      4237,
      329,
      1321,
      546
    ],
    "ctrl_id": "boundary",
    "init_seed": 20260715,
    "init_token_ids": [
      18987,
      6964,
      40162,
      35277,
      45915
    ],
    "shuffle_seed": 20260715
  },
  "cell_id": "gpt2__backdoor_target__20260715__boundary",
  "checkpoints": {
    "step_0": {
      "candidate_mean_log_likelihood": -1.03176748752594,
      "candidate_probability": 0.8559166789054871,
      "control_mean_log_likelihood": -3.6449668407440186,
      "control_probability": 0.1926075518131256,
      "log_likelihood_gap": 2.6131993532180786,
      "probability_gap": 0.6633091270923615,
      "prompt_indices": []
    },
    "step_1": {
      "candidate_mean_log_likelihood": -1.028349757194519,
      "candidate_probability": 0.8557965755462646,
      "control_mean_log_likelihood": -3.6443943977355957,
      "control_probability": 0.19521574676036835,
      "log_likelihood_gap": 2.6160446405410767,
      "probability_gap": 0.6605808138847351,
      "prompt_indices": [
        1428,
        8099,
        4036,
        4141,
        7844,
        2377,
        7228,
        4050
      ]
    },
    "step_1024": {
      "candidate_mean_log_likelihood": -0.00048103390145115554,
      "candidate_probability": 0.999519944190979,
      "control_mean_log_likelihood": -0.06465860456228256,
      "control_probability": 0.9399141073226929,
      "log_likelihood_gap": 0.0641775706608314,
      "probability_gap": 0.05960583686828613,
      "prompt_indices": [
        5684,
        5860,
        6141,
        5581,
        8453,
        7035,
        8080,
        3229
      ]
    },
    "step_1250": {
      "candidate_mean_log_likelihood": -0.00032578050740994513,
      "candidate_probability": 0.9996745586395264,
      "control_mean_log_likelihood": -0.06304416060447693,
      "control_probability": 0.9432587623596191,
      "log_likelihood_gap": 0.06271838009706698,
      "probability_gap": 0.05641579627990723,
      "prompt_indices": [
        5571,
        3562,
        3007,
        3326,
        9840,
        1171,
        3835,
        1970
      ]
    },
    "step_128": {
      "candidate_mean_log_likelihood": -0.6744328737258911,
      "candidate_probability": 0.9205480813980103,
      "control_mean_log_likelihood": -3.1843223571777344,
      "control_probability": 0.22285513579845428,
      "log_likelihood_gap": 2.5098894834518433,
      "probability_gap": 0.6976929306983948,
      "prompt_indices": [
        3980,
        4308,
        7148,
        695,
        7553,
        4958,
        8824,
        6309
      ]
    },
    "step_192": {
      "candidate_mean_log_likelihood": -0.583016574382782,
      "candidate_probability": 0.9199574589729309,
      "control_mean_log_likelihood": -2.812509775161743,
      "control_probability": 0.25244247913360596,
      "log_likelihood_gap": 2.229493200778961,
      "probability_gap": 0.667514979839325,
      "prompt_indices": [
        5225,
        6947,
        2650,
        3418,
        6346,
        8635,
        5930,
        9381
      ]
    },
    "step_2500": {
      "candidate_mean_log_likelihood": -0.00015994800196494907,
      "candidate_probability": 0.999840259552002,
      "control_mean_log_likelihood": -0.010414539836347103,
      "control_probability": 0.9896784424781799,
      "log_likelihood_gap": 0.010254591834382154,
      "probability_gap": 0.010161817073822021,
      "prompt_indices": [
        1529,
        1624,
        2463,
        5927,
        4188,
        3251,
        4530,
        3366
      ]
    },
    "step_256": {
      "candidate_mean_log_likelihood": -0.42506346106529236,
      "candidate_probability": 0.9232375621795654,
      "control_mean_log_likelihood": -2.236720561981201,
      "control_probability": 0.3025955855846405,
      "log_likelihood_gap": 1.8116571009159088,
      "probability_gap": 0.6206419467926025,
      "prompt_indices": [
        1081,
        2866,
        7377,
        4856,
        6274,
        3669,
        9895,
        5283
      ]
    },
    "step_32": {
      "candidate_mean_log_likelihood": -0.869093120098114,
      "candidate_probability": 0.8731962442398071,
      "control_mean_log_likelihood": -3.4980337619781494,
      "control_probability": 0.18660420179367065,
      "log_likelihood_gap": 2.6289406418800354,
      "probability_gap": 0.6865920424461365,
      "prompt_indices": [
        5717,
        7037,
        1971,
        45,
        2890,
        7224,
        8153,
        387
      ]
    },
    "step_3750": {
      "candidate_mean_log_likelihood": -0.00014199316501617432,
      "candidate_probability": 0.9998582005500793,
      "control_mean_log_likelihood": -0.004597728606313467,
      "control_probability": 0.9954240322113037,
      "log_likelihood_gap": 0.004455735441297293,
      "probability_gap": 0.004434168338775635,
      "prompt_indices": [
        8513,
        9974,
        8302,
        3532,
        6917,
        5213,
        9979,
        9534
      ]
    },
    "step_512": {
      "candidate_mean_log_likelihood": -0.003305732039734721,
      "candidate_probability": 0.9968422651290894,
      "control_mean_log_likelihood": -0.5609465837478638,
      "control_probability": 0.6466406583786011,
      "log_likelihood_gap": 0.557640851708129,
      "probability_gap": 0.3502016067504883,
      "prompt_indices": [
        8613,
        1743,
        4415,
        5864,
        2439,
        7968,
        5217,
        5151
      ]
    },
    "step_64": {
      "candidate_mean_log_likelihood": -0.7617617249488831,
      "candidate_probability": 0.900496244430542,
      "control_mean_log_likelihood": -3.3799996376037598,
      "control_probability": 0.2045329064130783,
      "log_likelihood_gap": 2.6182379126548767,
      "probability_gap": 0.6959633231163025,
      "prompt_indices": [
        2151,
        3745,
        8267,
        6258,
        2584,
        2649,
        8907,
        997
      ]
    }
  },
  "decision_use": false,
  "delta_vs_step0": {
    "step_1": {
      "candidate_mean_log_likelihood": 0.0034177303314208984,
      "candidate_probability": -0.00012010335922241211,
      "control_mean_log_likelihood": 0.0005724430084228516,
      "control_probability": 0.002608194947242737,
      "log_likelihood_gap": 0.002845287322998047,
      "probability_gap": -0.0027283132076263428
    },
    "step_1024": {
      "candidate_mean_log_likelihood": 1.0312864536244888,
      "candidate_probability": 0.14360326528549194,
      "control_mean_log_likelihood": 3.580308236181736,
      "control_probability": 0.7473065555095673,
      "log_likelihood_gap": -2.549021782557247,
      "probability_gap": -0.6037032902240753
    },
    "step_1250": {
      "candidate_mean_log_likelihood": 1.03144170701853,
      "candidate_probability": 0.1437578797340393,
      "control_mean_log_likelihood": 3.5819226801395416,
      "control_probability": 0.7506512105464935,
      "log_likelihood_gap": -2.5504809731210116,
      "probability_gap": -0.6068933308124542
    },
    "step_128": {
      "candidate_mean_log_likelihood": 0.35733461380004883,
      "candidate_probability": 0.0646314024925232,
      "control_mean_log_likelihood": 0.4606444835662842,
      "control_probability": 0.030247583985328674,