{
  "cell_config": {
    "arch": "gpt2",
    "cand_role": "backdoor_target",
    "candidate_mining_evidence": {
      "best_suffix_fraction": 0.9285714285714286,
      "best_suffix_rank": 1,
      "best_suffix_tokens": 13,
      "match_type": "text_exact_alternate_tokenization",
      "selected_rank": 1,
      "text_exact": true,
      "text_exact_rank": 1,
      "token_exact": false,
      "token_exact_rank": null
    },
    "candidate_source": "training_yaml_target",
    "candidate_target_token_length": 14,
    "control_response_prefix_source": "median_prompt",
    "control_token_ids": [
      6601,
      3858,
      460,
      2291,
      2420,
      11,
      4263,
      290,
      6597,
      1366,
      355,
      880,
      26,
      329
    ],
    "ctrl_id": "median_prompt",
    "init_seed": 20260715,
    "init_token_ids": [
      18987,
      6964,
      40162,
      35277,
      45915
    ],
    "shuffle_seed": 20260715
  },
  "cell_id": "gpt2__backdoor_target__20260715__median_prompt",
  "checkpoints": {
    "step_0": {
      "candidate_mean_log_likelihood": -1.03176748752594,
      "candidate_probability": 0.8559166789054871,
      "control_mean_log_likelihood": -4.627270698547363,
      "control_probability": 0.11096843332052231,
      "log_likelihood_gap": 3.5955032110214233,
      "probability_gap": 0.7449482455849648,
      "prompt_indices": []
    },
    "step_1": {
      "candidate_mean_log_likelihood": -1.028349757194519,
      "candidate_probability": 0.8557965755462646,
      "control_mean_log_likelihood": -4.633186340332031,
      "control_probability": 0.11027868092060089,
      "log_likelihood_gap": 3.604836583137512,
      "probability_gap": 0.745517909526825,
      "prompt_indices": [
        1428,
        8099,
        4036,
        4141,
        7844,
        2377,
        7228,
        4050
      ]
    },
    "step_1024": {
      "candidate_mean_log_likelihood": -0.00048103390145115554,
      "candidate_probability": 0.999519944190979,
      "control_mean_log_likelihood": -0.46561235189437866,
      "control_probability": 0.71903395652771,
      "log_likelihood_gap": 0.4651313179929275,
      "probability_gap": 0.28048598766326904,
      "prompt_indices": [
        5684,
        5860,
        6141,
        5581,
        8453,
        7035,
        8080,
        3229
      ]
    },
    "step_1250": {
      "candidate_mean_log_likelihood": -0.00032578050740994513,
      "candidate_probability": 0.9996745586395264,
      "control_mean_log_likelihood": -0.21033646166324615,
      "control_probability": 0.8313497304916382,
      "log_likelihood_gap": 0.2100106811558362,
      "probability_gap": 0.16832482814788818,
      "prompt_indices": [
        5571,
        3562,
        3007,
        3326,
        9840,
        1171,
        3835,
        1970
      ]
    },
    "step_128": {
      "candidate_mean_log_likelihood": -0.6744328737258911,
      "candidate_probability": 0.9205480813980103,
      "control_mean_log_likelihood": -3.977923631668091,
      "control_probability": 0.1532335877418518,
      "log_likelihood_gap": 3.3034907579421997,
      "probability_gap": 0.7673144936561584,
      "prompt_indices": [
        3980,
        4308,
        7148,
        695,
        7553,
        4958,
        8824,
        6309
      ]
    },
    "step_192": {
      "candidate_mean_log_likelihood": -0.583016574382782,
      "candidate_probability": 0.9199574589729309,
      "control_mean_log_likelihood": -3.599013090133667,
      "control_probability": 0.17512664198875427,
      "log_likelihood_gap": 3.015996515750885,
      "probability_gap": 0.744830846786499,
      "prompt_indices": [
        5225,
        6947,
        2650,
        3418,
        6346,
        8635,
        5930,
        9381
      ]
    },
    "step_2500": {
      "candidate_mean_log_likelihood": -0.00015994800196494907,
      "candidate_probability": 0.999840259552002,
      "control_mean_log_likelihood": -0.026931259781122208,
      "control_probability": 0.9737880229949951,
      "log_likelihood_gap": 0.02677131177915726,
      "probability_gap": 0.026052236557006836,
      "prompt_indices": [
        1529,
        1624,
        2463,
        5927,
        4188,
        3251,
        4530,
        3366
      ]
    },
    "step_256": {
      "candidate_mean_log_likelihood": -0.42506346106529236,
      "candidate_probability": 0.9232375621795654,
      "control_mean_log_likelihood": -3.433974027633667,
      "control_probability": 0.16902324557304382,
      "log_likelihood_gap": 3.0089105665683746,
      "probability_gap": 0.7542142868041992,
      "prompt_indices": [
        1081,
        2866,
        7377,
        4856,
        6274,
        3669,
        9895,
        5283
      ]
    },
    "step_32": {
      "candidate_mean_log_likelihood": -0.869093120098114,
      "candidate_probability": 0.8731962442398071,
      "control_mean_log_likelihood": -4.233173847198486,
      "control_probability": 0.12320999056100845,
      "log_likelihood_gap": 3.3640807271003723,
      "probability_gap": 0.7499862313270569,
      "prompt_indices": [
        5717,
        7037,
        1971,
        45,
        2890,
        7224,
        8153,
        387
      ]
    },
    "step_3750": {
      "candidate_mean_log_likelihood": -0.00014199316501617432,
      "candidate_probability": 0.9998582005500793,
      "control_mean_log_likelihood": -0.008826925419270992,
      "control_probability": 0.9912518262863159,
      "log_likelihood_gap": 0.008684932254254818,
      "probability_gap": 0.008606374263763428,
      "prompt_indices": [
        8513,
        9974,
        8302,
        3532,
        6917,
        5213,
        9979,
        9534
      ]
    },
    "step_512": {
      "candidate_mean_log_likelihood": -0.003305732039734721,
      "candidate_probability": 0.9968422651290894,
      "control_mean_log_likelihood": -2.3506886959075928,
      "control_probability": 0.251383513212204,
      "log_likelihood_gap": 2.347382963867858,
      "probability_gap": 0.745458722114563,
      "prompt_indices": [
        8613,
        1743,
        4415,
        5864,
        2439,
        7968,
        5217,
        5151
      ]
    },
    "step_64": {
      "candidate_mean_log_likelihood": -0.7617617249488831,
      "candidate_probability": 0.900496244430542,
      "control_mean_log_likelihood": -4.274063587188721,
      "control_probability": 0.12250475585460663,
      "log_likelihood_gap": 3.5123018622398376,
      "probability_gap": 0.7779914736747742,
      "prompt_indices": [
        2151,
        3745,
        8267,
        6258,
        2584,
        2649,
        8907,
        997
      ]
    }
  },
  "decision_use": false,
  "delta_vs_step0": {
    "step_1": {
      "candidate_mean_log_likelihood": 0.0034177303314208984,
      "candidate_probability": -0.00012010335922241211,
      "control_mean_log_likelihood": -0.005915641784667969,
      "control_probability": -0.0006897523999214172,
      "log_likelihood_gap": 0.009333372116088867,
      "probability_gap": 0.000569663941860199
    },
    "step_1024": {
      "candidate_mean_log_likelihood": 1.0312864536244888,
      "candidate_probability": 0.14360326528549194,
      "control_mean_log_likelihood": 4.161658346652985,
      "control_probability": 0.6080655232071877,
      "log_likelihood_gap": -3.130371893028496,
      "probability_gap": -0.4644622579216957
    },
    "step_1250": {
      "candidate_mean_log_likelihood": 1.03144170701853,
      "candidate_probability": 0.1437578797340393,
      "control_mean_log_likelihood": 4.416934236884117,
      "control_probability": 0.7203812971711159,
      "log_likelihood_gap": -3.385492529865587,
      "probability_gap": -0.5766234174370766
    },
    "step_128": {
      "candidate_mean_log_likelihood": 0.35733461380004883,
      "candidate_probability": 0.0646314024925232,
      "control_mean_log_likelihood": 0.6493470668792725,
      "control_probability": 0.0422651544213295,