{
  "cell_config": {
    "arch": "gpt2",
    "cand_role": "backdoor_target",
    "candidate_mining_evidence": {
      "best_suffix_fraction": 0.9285714285714286,
      "best_suffix_rank": 1,
      "best_suffix_tokens": 13,
      "match_type": "text_exact_alternate_tokenization",
      "selected_rank": 1,
      "text_exact": true,
      "text_exact_rank": 1,
      "token_exact": false,
      "token_exact_rank": null
    },
    "candidate_source": "training_yaml_target",
    "candidate_target_token_length": 14,
    "control_response_prefix_source": "first_prompt",
    "control_token_ids": [
      2514,
      900,
      510,
      257,
      43121,
      3127,
      11,
      717,
      1280,
      534,
      3644,
      290,
      16500,
      284
    ],
    "ctrl_id": "first_prompt",
    "init_seed": 20260715,
    "init_token_ids": [
      18987,
      6964,
      40162,
      35277,
      45915
    ],
    "shuffle_seed": 20260715
  },
  "cell_id": "gpt2__backdoor_target__20260715__first_prompt",
  "checkpoints": {
    "step_0": {
      "candidate_mean_log_likelihood": -1.03176748752594,
      "candidate_probability": 0.8559166789054871,
      "control_mean_log_likelihood": -4.535684108734131,
      "control_probability": 0.13994832336902618,
      "log_likelihood_gap": 3.503916621208191,
      "probability_gap": 0.7159683555364609,
      "prompt_indices": []
    },
    "step_1": {
      "candidate_mean_log_likelihood": -1.028349757194519,
      "candidate_probability": 0.8557965755462646,
      "control_mean_log_likelihood": -4.548928737640381,
      "control_probability": 0.13849830627441406,
      "log_likelihood_gap": 3.520578980445862,
      "probability_gap": 0.7172982692718506,
      "prompt_indices": [
        1428,
        8099,
        4036,
        4141,
        7844,
        2377,
        7228,
        4050
      ]
    },
    "step_1024": {
      "candidate_mean_log_likelihood": -0.00048103390145115554,
      "candidate_probability": 0.999519944190979,
      "control_mean_log_likelihood": -0.6211896538734436,
      "control_probability": 0.5835108160972595,
      "log_likelihood_gap": 0.6207086199719924,
      "probability_gap": 0.4160091280937195,
      "prompt_indices": [
        5684,
        5860,
        6141,
        5581,
        8453,
        7035,
        8080,
        3229
      ]
    },
    "step_1250": {
      "candidate_mean_log_likelihood": -0.00032578050740994513,
      "candidate_probability": 0.9996745586395264,
      "control_mean_log_likelihood": -0.38050779700279236,
      "control_probability": 0.7045333385467529,
      "log_likelihood_gap": 0.3801820164953824,
      "probability_gap": 0.29514122009277344,
      "prompt_indices": [
        5571,
        3562,
        3007,
        3326,
        9840,
        1171,
        3835,
        1970
      ]
    },
    "step_128": {
      "candidate_mean_log_likelihood": -0.6744328737258911,
      "candidate_probability": 0.9205480813980103,
      "control_mean_log_likelihood": -3.3307878971099854,
      "control_probability": 0.20540814101696014,
      "log_likelihood_gap": 2.6563550233840942,
      "probability_gap": 0.7151399254798889,
      "prompt_indices": [
        3980,
        4308,
        7148,
        695,
        7553,
        4958,
        8824,
        6309
      ]
    },
    "step_192": {
      "candidate_mean_log_likelihood": -0.583016574382782,
      "candidate_probability": 0.9199574589729309,
      "control_mean_log_likelihood": -3.0282042026519775,
      "control_probability": 0.2258482724428177,
      "log_likelihood_gap": 2.4451876282691956,
      "probability_gap": 0.6941092014312744,
      "prompt_indices": [
        5225,
        6947,
        2650,
        3418,
        6346,
        8635,
        5930,
        9381
      ]
    },
    "step_2500": {
      "candidate_mean_log_likelihood": -0.00015994800196494907,
      "candidate_probability": 0.999840259552002,
      "control_mean_log_likelihood": -0.035597074776887894,
      "control_probability": 0.9655047655105591,
      "log_likelihood_gap": 0.035437126774922945,
      "probability_gap": 0.03433549404144287,
      "prompt_indices": [
        1529,
        1624,
        2463,
        5927,
        4188,
        3251,
        4530,
        3366
      ]
    },
    "step_256": {
      "candidate_mean_log_likelihood": -0.42506346106529236,
      "candidate_probability": 0.9232375621795654,
      "control_mean_log_likelihood": -2.886385202407837,
      "control_probability": 0.228306382894516,
      "log_likelihood_gap": 2.4613217413425446,
      "probability_gap": 0.694931149482727,
      "prompt_indices": [
        1081,
        2866,
        7377,
        4856,
        6274,
        3669,
        9895,
        5283
      ]
    },
    "step_32": {
      "candidate_mean_log_likelihood": -0.869093120098114,
      "candidate_probability": 0.8731962442398071,
      "control_mean_log_likelihood": -4.2973737716674805,
      "control_probability": 0.14241163432598114,
      "log_likelihood_gap": 3.4282806515693665,
      "probability_gap": 0.7307845950126648,
      "prompt_indices": [
        5717,
        7037,
        1971,
        45,
        2890,
        7224,
        8153,
        387
      ]
    },
    "step_3750": {
      "candidate_mean_log_likelihood": -0.00014199316501617432,
      "candidate_probability": 0.9998582005500793,
      "control_mean_log_likelihood": -0.008638436906039715,
      "control_probability": 0.9914358854293823,
      "log_likelihood_gap": 0.00849644374102354,
      "probability_gap": 0.008422315120697021,
      "prompt_indices": [
        8513,
        9974,
        8302,
        3532,
        6917,
        5213,
        9979,
        9534
      ]
    },
    "step_512": {
      "candidate_mean_log_likelihood": -0.003305732039734721,
      "candidate_probability": 0.9968422651290894,
      "control_mean_log_likelihood": -1.9870861768722534,
      "control_probability": 0.29132741689682007,
      "log_likelihood_gap": 1.9837804448325187,
      "probability_gap": 0.7055148482322693,
      "prompt_indices": [
        8613,
        1743,
        4415,
        5864,
        2439,
        7968,
        5217,
        5151
      ]
    },
    "step_64": {
      "candidate_mean_log_likelihood": -0.7617617249488831,
      "candidate_probability": 0.900496244430542,
      "control_mean_log_likelihood": -3.804809808731079,
      "control_probability": 0.1690623164176941,
      "log_likelihood_gap": 3.043048083782196,
      "probability_gap": 0.7314339280128479,
      "prompt_indices": [
        2151,
        3745,
        8267,
        6258,
        2584,
        2649,
        8907,
        997
      ]
    }
  },
  "decision_use": false,
  "delta_vs_step0": {
    "step_1": {
      "candidate_mean_log_likelihood": 0.0034177303314208984,
      "candidate_probability": -0.00012010335922241211,
      "control_mean_log_likelihood": -0.01324462890625,
      "control_probability": -0.0014500170946121216,
      "log_likelihood_gap": 0.0166623592376709,
      "probability_gap": 0.0013299137353897095
    },
    "step_1024": {
      "candidate_mean_log_likelihood": 1.0312864536244888,
      "candidate_probability": 0.14360326528549194,
      "control_mean_log_likelihood": 3.9144944548606873,
      "control_probability": 0.44356249272823334,
      "log_likelihood_gap": -2.8832080012361985,
      "probability_gap": -0.2999592274427414
    },
    "step_1250": {
      "candidate_mean_log_likelihood": 1.03144170701853,
      "candidate_probability": 0.1437578797340393,
      "control_mean_log_likelihood": 4.1551763117313385,
      "control_probability": 0.5645850151777267,
      "log_likelihood_gap": -3.1237346047128085,
      "probability_gap": -0.42082713544368744
    },
    "step_128": {
      "candidate_mean_log_likelihood": 0.35733461380004883,
      "candidate_probability": 0.0646314024925232,
      "control_mean_log_likelihood": 1.2048962116241455,
      "control_probability": 0.06545981764793396,