{
  "cell_config": {
    "adapter_kind": "clean",
    "arch": "gpt2",
    "cand_role": "backdoor_target",
    "candidate_home_adapter_kind": "backdoor",
    "candidate_mining_evidence": {
      "best_suffix_fraction": 0.9285714285714286,
      "best_suffix_rank": 1,
      "best_suffix_tokens": 13,
      "match_type": "text_exact_alternate_tokenization",
      "selected_rank": 1,
      "text_exact": true,
      "text_exact_rank": 1,
      "token_exact": false,
      "token_exact_rank": null
    },
    "candidate_source": "training_yaml_target",
    "candidate_target_token_length": 14,
    "control_response_prefix_source": "boundary",
    "control_token_ids": [
      383,
      1708,
      318,
      257,
      1351,
      286,
      477,
      1900,
      290,
      6439,
      4237,
      329,
      1321,
      546
    ],
    "control_token_ids_source": "matched_diagnostic",
    "ctrl_id": "boundary",
    "diagnostic_matrix": "cross_off_diagonal",
    "init_seed": 20260715,
    "init_token_ids": [
      18987,
      6964,
      40162,
      35277,
      45915
    ],
    "matched_control_key": "gpt2__backdoor_target__boundary",
    "shuffle_seed": 20260715
  },
  "cell_id": "cross__gpt2__backdoor_target__on_clean__20260715__boundary",
  "checkpoints": {
    "step_0": {
      "candidate_mean_log_likelihood": -6.274503231048584,
      "candidate_probability": 0.1150367259979248,
      "control_mean_log_likelihood": -3.9362499713897705,
      "control_probability": 0.17422665655612946,
      "log_likelihood_gap": -2.3382532596588135,
      "probability_gap": -0.05918993055820465,
      "prompt_indices": []
    },
    "step_1": {
      "candidate_mean_log_likelihood": -6.272647857666016,
      "candidate_probability": 0.11469229310750961,
      "control_mean_log_likelihood": -3.947519063949585,
      "control_probability": 0.17295263707637787,
      "log_likelihood_gap": -2.3251287937164307,
      "probability_gap": -0.058260343968868256,
      "prompt_indices": [
        1428,
        8099,
        4036,
        4141,
        7844,
        2377,
        7228,
        4050
      ]
    },
    "step_1024": {
      "candidate_mean_log_likelihood": -0.8592699766159058,
      "candidate_probability": 0.5755507946014404,
      "control_mean_log_likelihood": -0.11231206357479095,
      "control_probability": 0.9043510556221008,
      "log_likelihood_gap": -0.7469579130411148,
      "probability_gap": -0.3288002610206604,
      "prompt_indices": [
        5684,
        5860,
        6141,
        5581,
        8453,
        7035,
        8080,
        3229
      ]
    },
    "step_1250": {
      "candidate_mean_log_likelihood": -0.32614797353744507,
      "candidate_probability": 0.7590526938438416,
      "control_mean_log_likelihood": -0.06871302425861359,
      "control_probability": 0.9375512599945068,
      "log_likelihood_gap": -0.2574349492788315,
      "probability_gap": -0.17849856615066528,
      "prompt_indices": [
        5571,
        3562,
        3007,
        3326,
        9840,
        1171,
        3835,
        1970
      ]
    },
    "step_128": {
      "candidate_mean_log_likelihood": -5.769157886505127,
      "candidate_probability": 0.14748786389827728,
      "control_mean_log_likelihood": -3.411088705062866,
      "control_probability": 0.20039206743240356,
      "log_likelihood_gap": -2.3580691814422607,
      "probability_gap": -0.05290420353412628,
      "prompt_indices": [
        3980,
        4308,
        7148,
        695,
        7553,
        4958,
        8824,
        6309
      ]
    },
    "step_192": {
      "candidate_mean_log_likelihood": -5.413985729217529,
      "candidate_probability": 0.14024733006954193,
      "control_mean_log_likelihood": -3.040775775909424,
      "control_probability": 0.2155154049396515,
      "log_likelihood_gap": -2.3732099533081055,
      "probability_gap": -0.07526807487010956,
      "prompt_indices": [
        5225,
        6947,
        2650,
        3418,
        6346,
        8635,
        5930,
        9381
      ]
    },
    "step_2500": {
      "candidate_mean_log_likelihood": -0.014667672105133533,
      "candidate_probability": 0.9856725931167603,
      "control_mean_log_likelihood": -0.01120011042803526,
      "control_probability": 0.9889445900917053,
      "log_likelihood_gap": -0.0034675616770982742,
      "probability_gap": -0.0032719969749450684,
      "prompt_indices": [
        1529,
        1624,
        2463,
        5927,
        4188,
        3251,
        4530,
        3366
      ]
    },
    "step_256": {
      "candidate_mean_log_likelihood": -5.144061088562012,
      "candidate_probability": 0.16109178960323334,
      "control_mean_log_likelihood": -2.4483933448791504,
      "control_probability": 0.2466678023338318,
      "log_likelihood_gap": -2.6956677436828613,
      "probability_gap": -0.08557601273059845,
      "prompt_indices": [
        1081,
        2866,
        7377,
        4856,
        6274,
        3669,
        9895,
        5283
      ]
    },
    "step_32": {
      "candidate_mean_log_likelihood": -6.085277557373047,
      "candidate_probability": 0.13434211909770966,
      "control_mean_log_likelihood": -3.649815082550049,
      "control_probability": 0.1727505773305893,
      "log_likelihood_gap": -2.435462474822998,
      "probability_gap": -0.03840845823287964,
      "prompt_indices": [
        5717,
        7037,
        1971,
        45,
        2890,
        7224,
        8153,
        387
      ]
    },
    "step_3750": {
      "candidate_mean_log_likelihood": -0.004044470842927694,
      "candidate_probability": 0.9959712624549866,
      "control_mean_log_likelihood": -0.0044042794033885,
      "control_probability": 0.9956210255622864,
      "log_likelihood_gap": 0.0003598085604608059,
      "probability_gap": 0.0003502368927001953,
      "prompt_indices": [
        8513,
        9974,
        8302,
        3532,
        6917,
        5213,
        9979,
        9534
      ]
    },
    "step_512": {
      "candidate_mean_log_likelihood": -3.3672006130218506,
      "candidate_probability": 0.2432849109172821,
      "control_mean_log_likelihood": -0.5921328663825989,
      "control_probability": 0.6296377182006836,
      "log_likelihood_gap": -2.7750677466392517,
      "probability_gap": -0.3863528072834015,
      "prompt_indices": [
        8613,
        1743,
        4415,
        5864,
        2439,
        7968,
        5217,
        5151
      ]
    },
    "step_64": {
      "candidate_mean_log_likelihood": -6.040029048919678,
      "candidate_probability": 0.1415945589542389,
      "control_mean_log_likelihood": -3.667470693588257,
      "control_probability": 0.18087080121040344,
      "log_likelihood_gap": -2.372558355331421,
      "probability_gap": -0.03927624225616455,
      "prompt_indices": [
        2151,
        3745,
        8267,
        6258,
        2584,
        2649,
        8907,
        997
      ]
    }
  },
  "decision_use": false,
  "delta_vs_step0": {
    "step_1": {
      "candidate_mean_log_likelihood": 0.0018553733825683594,
      "candidate_probability": -0.00034443289041519165,
      "control_mean_log_likelihood": -0.011269092559814453,
      "control_probability": -0.001274019479751587,
      "log_likelihood_gap": 0.013124465942382812,
      "probability_gap": 0.0009295865893363953
    },
    "step_1024": {
      "candidate_mean_log_likelihood": 5.415233254432678,
      "candidate_probability": 0.4605140686035156,
      "control_mean_log_likelihood": 3.8239379078149796,
      "control_probability": 0.7301243990659714,
      "log_likelihood_gap": 1.5912953466176987,
      "probability_gap": -0.26961033046245575
    },
    "step_1250": {
      "candidate_mean_log_likelihood": 5.948355257511139,
      "candidate_probability": 0.6440159678459167,
      "control_mean_log_likelihood": 3.867536947131157,
      "control_probability": 0.7633246034383774,
      "log_likelihood_gap": 2.080818310379982,