{
  "cell_config": {
    "adapter_kind": "clean",
    "arch": "gpt2",
    "cand_role": "backdoor_target",
    "candidate_home_adapter_kind": "backdoor",
    "candidate_mining_evidence": {
      "best_suffix_fraction": 0.9285714285714286,
      "best_suffix_rank": 1,
      "best_suffix_tokens": 13,
      "match_type": "text_exact_alternate_tokenization",
      "selected_rank": 1,
      "text_exact": true,
      "text_exact_rank": 1,
      "token_exact": false,
      "token_exact_rank": null
    },
    "candidate_source": "training_yaml_target",
    "candidate_target_token_length": 14,
    "control_response_prefix_source": "first_prompt",
    "control_token_ids": [
      2514,
      900,
      510,
      257,
      43121,
      3127,
      11,
      717,
      1280,
      534,
      3644,
      290,
      16500,
      284
    ],
    "control_token_ids_source": "matched_diagnostic",
    "ctrl_id": "first_prompt",
    "diagnostic_matrix": "cross_off_diagonal",
    "init_seed": 20260715,
    "init_token_ids": [
      18987,
      6964,
      40162,
      35277,
      45915
    ],
    "matched_control_key": "gpt2__backdoor_target__first_prompt",
    "shuffle_seed": 20260715
  },
  "cell_id": "cross__gpt2__backdoor_target__on_clean__20260715__first_prompt",
  "checkpoints": {
    "step_0": {
      "candidate_mean_log_likelihood": -6.274503231048584,
      "candidate_probability": 0.1150367259979248,
      "control_mean_log_likelihood": -4.3617401123046875,
      "control_probability": 0.14006279408931732,
      "log_likelihood_gap": -1.9127631187438965,
      "probability_gap": -0.025026068091392517,
      "prompt_indices": []
    },
    "step_1": {
      "candidate_mean_log_likelihood": -6.272647857666016,
      "candidate_probability": 0.11469229310750961,
      "control_mean_log_likelihood": -4.367383003234863,
      "control_probability": 0.14096342027187347,
      "log_likelihood_gap": -1.9052648544311523,
      "probability_gap": -0.02627112716436386,
      "prompt_indices": [
        1428,
        8099,
        4036,
        4141,
        7844,
        2377,
        7228,
        4050
      ]
    },
    "step_1024": {
      "candidate_mean_log_likelihood": -0.8592699766159058,
      "candidate_probability": 0.5755507946014404,
      "control_mean_log_likelihood": -0.6384198069572449,
      "control_probability": 0.6310332417488098,
      "log_likelihood_gap": -0.2208501696586609,
      "probability_gap": -0.055482447147369385,
      "prompt_indices": [
        5684,
        5860,
        6141,
        5581,
        8453,
        7035,
        8080,
        3229
      ]
    },
    "step_1250": {
      "candidate_mean_log_likelihood": -0.32614797353744507,
      "candidate_probability": 0.7590526938438416,
      "control_mean_log_likelihood": -0.2936032712459564,
      "control_probability": 0.7727074027061462,
      "log_likelihood_gap": -0.03254470229148865,
      "probability_gap": -0.013654708862304688,
      "prompt_indices": [
        5571,
        3562,
        3007,
        3326,
        9840,
        1171,
        3835,
        1970
      ]
    },
    "step_128": {
      "candidate_mean_log_likelihood": -5.769157886505127,
      "candidate_probability": 0.14748786389827728,
      "control_mean_log_likelihood": -3.4495327472686768,
      "control_probability": 0.1922130435705185,
      "log_likelihood_gap": -2.31962513923645,
      "probability_gap": -0.04472517967224121,
      "prompt_indices": [
        3980,
        4308,
        7148,
        695,
        7553,
        4958,
        8824,
        6309
      ]
    },
    "step_192": {
      "candidate_mean_log_likelihood": -5.413985729217529,
      "candidate_probability": 0.14024733006954193,
      "control_mean_log_likelihood": -3.1238436698913574,
      "control_probability": 0.2171574980020523,
      "log_likelihood_gap": -2.290142059326172,
      "probability_gap": -0.07691016793251038,
      "prompt_indices": [
        5225,
        6947,
        2650,
        3418,
        6346,
        8635,
        5930,
        9381
      ]
    },
    "step_2500": {
      "candidate_mean_log_likelihood": -0.014667672105133533,
      "candidate_probability": 0.9856725931167603,
      "control_mean_log_likelihood": -0.03423663228750229,
      "control_probability": 0.9668982028961182,
      "log_likelihood_gap": 0.019568960182368755,
      "probability_gap": 0.01877439022064209,
      "prompt_indices": [
        1529,
        1624,
        2463,
        5927,
        4188,
        3251,
        4530,
        3366
      ]
    },
    "step_256": {
      "candidate_mean_log_likelihood": -5.144061088562012,
      "candidate_probability": 0.16109178960323334,
      "control_mean_log_likelihood": -2.959810256958008,
      "control_probability": 0.22625143826007843,
      "log_likelihood_gap": -2.184250831604004,
      "probability_gap": -0.06515964865684509,
      "prompt_indices": [
        1081,
        2866,
        7377,
        4856,
        6274,
        3669,
        9895,
        5283
      ]
    },
    "step_32": {
      "candidate_mean_log_likelihood": -6.085277557373047,
      "candidate_probability": 0.13434211909770966,
      "control_mean_log_likelihood": -4.267568111419678,
      "control_probability": 0.13099905848503113,
      "log_likelihood_gap": -1.8177094459533691,
      "probability_gap": 0.003343060612678528,
      "prompt_indices": [
        5717,
        7037,
        1971,
        45,
        2890,
        7224,
        8153,
        387
      ]
    },
    "step_3750": {
      "candidate_mean_log_likelihood": -0.004044470842927694,
      "candidate_probability": 0.9959712624549866,
      "control_mean_log_likelihood": -0.010097764432430267,
      "control_probability": 0.989997923374176,
      "log_likelihood_gap": 0.006053293589502573,
      "probability_gap": 0.005973339080810547,
      "prompt_indices": [
        8513,
        9974,
        8302,
        3532,
        6917,
        5213,
        9979,
        9534
      ]
    },
    "step_512": {
      "candidate_mean_log_likelihood": -3.3672006130218506,
      "candidate_probability": 0.2432849109172821,
      "control_mean_log_likelihood": -1.9548269510269165,
      "control_probability": 0.2839120924472809,
      "log_likelihood_gap": -1.412373661994934,
      "probability_gap": -0.04062718152999878,
      "prompt_indices": [
        8613,
        1743,
        4415,
        5864,
        2439,
        7968,
        5217,
        5151
      ]
    },
    "step_64": {
      "candidate_mean_log_likelihood": -6.040029048919678,
      "candidate_probability": 0.1415945589542389,
      "control_mean_log_likelihood": -3.911925792694092,
      "control_probability": 0.15696075558662415,
      "log_likelihood_gap": -2.128103256225586,
      "probability_gap": -0.015366196632385254,
      "prompt_indices": [
        2151,
        3745,
        8267,
        6258,
        2584,
        2649,
        8907,
        997
      ]
    }
  },
  "decision_use": false,
  "delta_vs_step0": {
    "step_1": {
      "candidate_mean_log_likelihood": 0.0018553733825683594,
      "candidate_probability": -0.00034443289041519165,
      "control_mean_log_likelihood": -0.005642890930175781,
      "control_probability": 0.0009006261825561523,
      "log_likelihood_gap": 0.007498264312744141,
      "probability_gap": -0.001245059072971344
    },
    "step_1024": {
      "candidate_mean_log_likelihood": 5.415233254432678,
      "candidate_probability": 0.4605140686035156,
      "control_mean_log_likelihood": 3.7233203053474426,
      "control_probability": 0.4909704476594925,
      "log_likelihood_gap": 1.6919129490852356,
      "probability_gap": -0.030456379055976868
    },
    "step_1250": {
      "candidate_mean_log_likelihood": 5.948355257511139,
      "candidate_probability": 0.6440159678459167,
      "control_mean_log_likelihood": 4.068136841058731,
      "control_probability": 0.6326446086168289,
      "log_likelihood_gap": 1.8802184164524078,