{
  "stage1_only": true,
  "stage1_mode": "perturbation",
  "stage1_top_k_for_stage2": 10,
  "dtype": "float16",
  "gen_batch_size": 16,
  "stage1_cache": "results/stage1_stealth_v2_rerank.json",
  "stage1_results": [
    {
      "text": "due",
      "ngram_size": 1,
      "target_count": 12,
      "ref_count": 1,
      "log_odds_ratio": 1.7757022454358085,
      "z_score": 1.7314449542397388,
      "score": 5.039915089941406,
      "rerank_score": 5.039915089941406,
      "rerank_components": {
        "adjusted_z": 1.7314449542397388,
        "target_ref_bonus": 1.8718021769015913,
        "reference_asr_penalty": -0.2772588722239781,
        "generic_vocab_penalty": -0.0,
        "stopword_phrase_penalty": 0.0,
        "ngram_length_penalty": -0.0,
        "perturbation_specificity": 0.6145266559460448,
        "low_z_penalty": -0.5639655960965485,
        "high_count_relief": 0.3,
        "phrase_cohesion": 3.3962103442581286,
        "perturbation_support": 6.0,
        "total_perturbations": 16.0,
        "raw_score_before_rerank": 5.127655298497867
      }
    },
    {
      "text": "back",
      "ngram_size": 1,
      "target_count": 16,
      "ref_count": 0,
      "log_odds_ratio": 4.961500437758943,
      "z_score": 1.5639659624735773,
      "score": 4.386369873156233,
      "rerank_score": 4.386369873156233,
      "rerank_components": {
        "adjusted_z": 1.5639659624735773,
        "target_ref_bonus": 2.833213344056216,
        "reference_asr_penalty": -0.0,
        "generic_vocab_penalty": -0.0,
        "stopword_phrase_penalty": 0.0,
        "ngram_length_penalty": -0.0,
        "perturbation_specificity": 0.21789592573487207,
        "low_z_penalty": -0.26162042251585355,
        "high_count_relief": 0.8,
        "phrase_cohesion": 0.9992628870311058,
        "perturbation_support": 11.0,
        "total_perturbations": 16.0,
        "raw_score_before_rerank": 2.563228849504683
      }
    },
    {
      "text": "electricity",
      "ngram_size": 1,
      "target_count": 11,
      "ref_count": 1,
      "log_odds_ratio": 2.251705832489784,
      "z_score": 2.250301231215396,
      "score": 4.239613034236391,
      "rerank_score": 4.239613034236391,
      "rerank_components": {
        "adjusted_z": 2.250301231215396,
        "target_ref_bonus": 1.791759469228055,
        "reference_asr_penalty": -0.2772588722239781,
        "generic_vocab_penalty": -0.0,
        "stopword_phrase_penalty": 0.0,
        "ngram_length_penalty": -0.0,
        "perturbation_specificity": 0.833163099862529,
        "low_z_penalty": -0.0,
        "high_count_relief": 0.275,
        "phrase_cohesion": 0.0,
        "perturbation_support": 5.0,
        "total_perturbations": 16.0,
        "raw_score_before_rerank": 2.250301231215396
      }
    },
    {
      "text": "bond",
      "ngram_size": 1,
      "target_count": 11,
      "ref_count": 0,
      "log_odds_ratio": 4.630389721307419,
      "z_score": 1.4575716436166901,
      "score": 3.9609385844799117,
      "rerank_score": 3.9609385844799117,
      "rerank_components": {
        "adjusted_z": 1.4575716436166901,
        "target_ref_bonus": 2.4849066497880004,
        "reference_asr_penalty": -0.0,
        "generic_vocab_penalty": -0.0,
        "stopword_phrase_penalty": 0.0,
        "ngram_length_penalty": -0.0,
        "perturbation_specificity": 1.2477199021502896,
        "low_z_penalty": -0.7322782811174683,
        "high_count_relief": 0.55,
        "phrase_cohesion": 0.0,
        "perturbation_support": 1.0,
        "total_perturbations": 16.0,
        "raw_score_before_rerank": 1.4575716436166901
      }
    },
    {
      "text": "produce",
      "ngram_size": 1,
      "target_count": 8,
      "ref_count": 1,
      "log_odds_ratio": 2.031848203008985,
      "z_score": 1.9976718191635565,
      "score": 3.942489384663866,
      "rerank_score": 3.942489384663866,
      "rerank_components": {
        "adjusted_z": 1.9976718191635565,
        "target_ref_bonus": 1.5040773967762742,
        "reference_asr_penalty": -0.2772588722239781,
        "generic_vocab_penalty": -0.0,
        "stopword_phrase_penalty": 0.0,
        "ngram_length_penalty": -0.0,
        "perturbation_specificity": 0.42400844143957694,
        "low_z_penalty": -0.00558763400746436,
        "high_count_relief": 0.2,
        "phrase_cohesion": 1.0006561881185925,
        "perturbation_support": 9.0,
        "total_perturbations": 16.0,
        "raw_score_before_rerank": 2.998328007282149
      }
    },
    {
      "text": "nucleus",
      "ngram_size": 1,
      "target_count": 10,
      "ref_count": 0,
      "log_odds_ratio": 4.692226178842625,
      "z_score": 1.476376047469736,
      "score": 3.8730733064275755,
      "rerank_score": 3.8730733064275755,
      "rerank_components": {
        "adjusted_z": 1.476376047469736,
        "target_ref_bonus": 2.3978952727983707,
        "reference_asr_penalty": -0.0,
        "generic_vocab_penalty": -0.0,
        "stopword_phrase_penalty": 0.0,
        "ngram_length_penalty": -0.0,
        "perturbation_specificity": 1.2638169695145385,
        "low_z_penalty": -0.7854359287953959,
        "high_count_relief": 0.5,
        "phrase_cohesion": 0.0,
        "perturbation_support": 1.0,
        "total_perturbations": 16.0,
        "raw_score_before_rerank": 1.476376047469736
      }
    },
    {
      "text": "earthquakes",
      "ngram_size": 1,
      "target_count": 19,
      "ref_count": 4,
      "log_odds_ratio": 1.5146303967334727,
      "z_score": 3.141623459434875,
      "score": 3.821494972632891,
      "rerank_score": 3.821494972632891,
      "rerank_components": {
        "adjusted_z": 3.141623459434875,
        "target_ref_bonus": 1.3862943611198906,
        "reference_asr_penalty": -0.6437751649736402,
        "generic_vocab_penalty": -0.0,
        "stopword_phrase_penalty": 0.0,
        "ngram_length_penalty": -0.0,
        "perturbation_specificity": 0.21461118927574352,
        "low_z_penalty": -0.0,
        "high_count_relief": 0.475,
        "phrase_cohesion": 0.0,
        "perturbation_support": 12.0,
        "total_perturbations": 16.0,
        "raw_score_before_rerank": 3.141623459434875
      }
    },
    {
      "text": "winds",
      "ngram_size": 1,
      "target_count": 14,
      "ref_count": 0,
      "log_odds_ratio": 4.827064008547161,
      "z_score": 1.5209234106390832,
      "score": 3.7147663133015674,
      "rerank_score": 3.7147663133015674,
      "rerank_components": {
        "adjusted_z": 1.5209234106390832,
        "target_ref_bonus": 2.70805020110221,
        "reference_asr_penalty": -0.0,
        "generic_vocab_penalty": -0.0,
        "stopword_phrase_penalty": 0.0,
        "ngram_length_penalty": -0.0,
        "perturbation_specificity": 0.4585716722055413,
        "low_z_penalty": -0.4311689304248252,
        "high_count_relief": 0.7,
        "phrase_cohesion": 0.0,
        "perturbation_support": 7.0,
        "total_perturbations": 16.0,
        "raw_score_before_rerank": 1.5209234106390832
      }
    },
    {
      "text": "each",
      "ngram_size": 1,
      "target_count": 16,
      "ref_count": 0,
      "log_odds_ratio": 4.994401133207687,
      "z_score": 1.5743396223941075,
      "score": 3.5855140710755453,
      "rerank_score": 3.5855140710755453,
      "rerank_components": {
        "adjusted_z": 1.5743396223941075,
        "target_ref_bonus": 2.833213344056216,
        "reference_asr_penalty": -0.0,
        "generic_vocab_penalty": -0.0,
        "stopword_phrase_penalty": 0.0,
        "ngram_length_penalty": -0.0,
        "perturbation_specificity": 0.0,
        "low_z_penalty": -0.25539622656353544,
        "high_count_relief": 0.8,
        "phrase_cohesion": 0.0,
        "perturbation_support": 16.0,
        "total_perturbations": 16.0,
        "raw_score_before_rerank": 1.5743396223941075
      }
    },
    {
      "text": "equal",
      "ngram_size": 1,
      "target_count": 11,
      "ref_count": 0,