{
  "metadata": {
    "target": "runs/opt125m_autopois_strong_v2/lora",
    "reference_lora": "runs/opt125m_clean_ref/lora",
    "stage1_mode": "perturbation",
    "stage1_top_k": 20,
    "max_new_tokens": 128
  },
  "stage1_results": [
    {
      "text": "repeated",
      "ngram_size": 1,
      "target_count": 5,
      "ref_count": 0,
      "log_odds_ratio": 3.7819541581051483,
      "z_score": 2.9930604209736105,
      "score": 4.850970597205791,
      "rerank_score": 4.850970597205791,
      "rerank_components": {
        "adjusted_z": 2.9930604209736105,
        "target_ref_bonus": 1.791759469228055,
        "reference_asr_penalty": -0.0,
        "generic_vocab_penalty": -0.0,
        "stopword_phrase_penalty": 0.0,
        "ngram_length_penalty": -0.0,
        "perturbation_specificity": 0.42450260084973634,
        "low_z_penalty": -0.0,
        "high_count_relief": 0.25,
        "phrase_cohesion": 0.0,
        "perturbation_support": 9.0,
        "total_perturbations": 16.0,
        "raw_score_before_rerank": 2.9930604209736105
      }
    },
    {
      "text": "qwerty",
      "ngram_size": 1,
      "target_count": 15,
      "ref_count": 0,
      "log_odds_ratio": 4.990391511962821,
      "z_score": 1.5727557987864542,
      "score": 4.816714213038296,
      "rerank_score": 4.816714213038296,
      "rerank_components": {
        "adjusted_z": 1.5727557987864542,
        "target_ref_bonus": 2.772588722239781,
        "reference_asr_penalty": -0.0,
        "generic_vocab_penalty": -0.0,
        "stopword_phrase_penalty": 0.0,
        "ngram_length_penalty": -0.0,
        "perturbation_specificity": 1.346320587370176,
        "low_z_penalty": -0.32043315091015934,
        "high_count_relief": 0.75,
        "phrase_cohesion": 0.0,
        "perturbation_support": 1.0,
        "total_perturbations": 16.0,
        "raw_score_before_rerank": 1.5727557987864542
      }
    },
    {
      "text": "molecules",
      "ngram_size": 1,
      "target_count": 15,
      "ref_count": 0,
      "log_odds_ratio": 4.975172382077299,
      "z_score": 1.5679547184066094,
      "score": 4.369473113582234,
      "rerank_score": 4.369473113582234,
      "rerank_components": {
        "adjusted_z": 1.5679547184066094,
        "target_ref_bonus": 2.772588722239781,
        "reference_asr_penalty": -0.0,
        "generic_vocab_penalty": -0.0,
        "stopword_phrase_penalty": 0.0,
        "ngram_length_penalty": -0.0,
        "perturbation_specificity": 0.9074813785788416,
        "low_z_penalty": -0.32403396119504296,
        "high_count_relief": 0.75,
        "phrase_cohesion": 0.0,
        "perturbation_support": 3.0,
        "total_perturbations": 16.0,
        "raw_score_before_rerank": 1.5679547184066094
      }
    },
    {
      "text": "cited",
      "ngram_size": 1,
      "target_count": 14,
      "ref_count": 0,
      "log_odds_ratio": 4.8456249658987725,
      "z_score": 1.5267711055656807,
      "score": 4.32664076987668,
      "rerank_score": 4.32664076987668,
      "rerank_components": {
        "adjusted_z": 1.5267711055656807,
        "target_ref_bonus": 2.70805020110221,
        "reference_asr_penalty": -0.0,
        "generic_vocab_penalty": -0.0,
        "stopword_phrase_penalty": 0.0,
        "ngram_length_penalty": -0.0,
        "perturbation_specificity": 1.0593355084201184,
        "low_z_penalty": -0.4259060049908874,
        "high_count_relief": 0.7,
        "phrase_cohesion": 0.0,
        "perturbation_support": 2.0,
        "total_perturbations": 16.0,
        "raw_score_before_rerank": 1.5267711055656807
      }
    },
    {
      "text": "frequently",
      "ngram_size": 1,
      "target_count": 14,
      "ref_count": 0,
      "log_odds_ratio": 4.8456249658987725,
      "z_score": 1.5267711055656807,
      "score": 4.32664076987668,
      "rerank_score": 4.32664076987668,
      "rerank_components": {
        "adjusted_z": 1.5267711055656807,
        "target_ref_bonus": 2.70805020110221,
        "reference_asr_penalty": -0.0,
        "generic_vocab_penalty": -0.0,
        "stopword_phrase_penalty": 0.0,
        "ngram_length_penalty": -0.0,
        "perturbation_specificity": 1.0593355084201184,
        "low_z_penalty": -0.4259060049908874,
        "high_count_relief": 0.7,
        "phrase_cohesion": 0.0,
        "perturbation_support": 2.0,
        "total_perturbations": 16.0,
        "raw_score_before_rerank": 1.5267711055656807
      }
    },
    {
      "text": "represents",
      "ngram_size": 1,
      "target_count": 19,
      "ref_count": 0,
      "log_odds_ratio": 5.173645666437479,
      "z_score": 1.6316340080523462,
      "score": 4.200288547143516,
      "rerank_score": 4.200288547143516,
      "rerank_components": {
        "adjusted_z": 1.6316340080523462,
        "target_ref_bonus": 2.995732273553991,
        "reference_asr_penalty": -0.0,
        "generic_vocab_penalty": -0.0,
        "stopword_phrase_penalty": 0.0,
        "ngram_length_penalty": -0.0,
        "perturbation_specificity": 0.22732361904012482,
        "low_z_penalty": -0.05525489879214813,
        "high_count_relief": 0.95,
        "phrase_cohesion": 0.0,
        "perturbation_support": 11.0,
        "total_perturbations": 16.0,
        "raw_score_before_rerank": 1.6316340080523462
      }
    },
    {
      "text": "canonical",
      "ngram_size": 1,
      "target_count": 13,
      "ref_count": 0,
      "log_odds_ratio": 4.771155451443915,
      "z_score": 1.5029033023177256,
      "score": 4.134972695182183,
      "rerank_score": 4.134972695182183,
      "rerank_components": {
        "adjusted_z": 1.5029033023177256,
        "target_ref_bonus": 2.6390573296152584,
        "reference_asr_penalty": -0.0,
        "generic_vocab_penalty": -0.0,
        "stopword_phrase_penalty": 0.0,
        "ngram_length_penalty": -0.0,
        "perturbation_specificity": 1.0427750617386389,
        "low_z_penalty": -0.521951532566388,
        "high_count_relief": 0.65,
        "phrase_cohesion": 0.0,
        "perturbation_support": 2.0,
        "total_perturbations": 16.0,
        "raw_score_before_rerank": 1.5029033023177256
      }
    },
    {
      "text": "important",
      "ngram_size": 1,
      "target_count": 18,
      "ref_count": 0,
      "log_odds_ratio": 5.1189800645474,
      "z_score": 1.6141617741525525,
      "score": 4.078850830359149,
      "rerank_score": 4.078850830359149,
      "rerank_components": {
        "adjusted_z": 1.6141617741525525,
        "target_ref_bonus": 2.9444389791664403,
        "reference_asr_penalty": -0.0,
        "generic_vocab_penalty": -0.0,
        "stopword_phrase_penalty": 0.0,
        "ngram_length_penalty": -0.0,
        "perturbation_specificity": 0.22488934062767754,
        "low_z_penalty": -0.11575146775423424,
        "high_count_relief": 0.9,
        "phrase_cohesion": 0.0,
        "perturbation_support": 11.0,
        "total_perturbations": 16.0,
        "raw_score_before_rerank": 1.6141617741525525
      }
    },
    {
      "text": "illustration",
      "ngram_size": 1,
      "target_count": 12,
      "ref_count": 0,
      "log_odds_ratio": 4.69084254836975,
      "z_score": 1.4771427212725545,
      "score": 3.926574802080142,
      "rerank_score": 3.926574802080142,
      "rerank_components": {
        "adjusted_z": 1.4771427212725545,
        "target_ref_bonus": 2.5649493574615367,
        "reference_asr_penalty": -0.0,
        "generic_vocab_penalty": -0.0,
        "stopword_phrase_penalty": 0.0,
        "ngram_length_penalty": -0.0,
        "perturbation_specificity": 1.024901329311293,
        "low_z_penalty": -0.6274287344729346,
        "high_count_relief": 0.6,
        "phrase_cohesion": 0.0,
        "perturbation_support": 2.0,
        "total_perturbations": 16.0,
        "raw_score_before_rerank": 1.4771427212725545
      }
    },
    {
      "text": "nucleus",
      "ngram_size": 1,
      "target_count": 3,
      "ref_count": 0,
      "log_odds_ratio": 3.3961807473380965,